First,Last,Hire Date,Employee Number,City,Department
Candace,Kelley,10/29/21,16020615 9956,Dalbeattie,Customer Relations
Igor,Burnett,8/20/21,16800311 5717,Pettineo,Research and Development
Thor,Rhodes,08-03-2020,16990918 0698,Mundare,Customer Service
Jaden,Howell,03-04-2020,16831022 4665,Baulers,Asset Management
Carissa,Kerr,12/26/20,16610616 7254,Jaipur,Payroll
Burke,Dudley,1/29/21,16290921 7917,Rostock,Human Resources
Olympia,Wolfe,4/28/20,16180527 1812,Cagnes-sur-Mer,Asset Management
Sophia,Franks,12-07-2020,16330212 4767,Merseburg,Asset Management
Britanney,Perez,12-05-2020,16800527 7796,Inuvik,Finances
Malik,Hoffman,5/13/21,16290813 8957,Gallodoro,Legal Department
Caryn,Lyons,1/24/20,16300701 1426,San Piero Patti,Media Relations
MacKensie,Burch,1/18/20,16240701 5102,Hastings,Customer Relations
Alfonso,Booker,11/16/20,16830719 7726,Peutie,Finances
Baker,May,12/27/19,16080112 1559,Lanark County,Quality Assurance
Connor,Workman,8/25/20,16720623 0992,Havr_,Asset Management
Alexa,Larsen,3/31/21,16340806 1731,Mytishchi,Media Relations
Rafael,Delaney,2/27/20,16041120 6840,Bia_a Podlaska,Accounting
Garrison,Barry,1/16/20,16511129 9656,Impe,Customer Service
Daphne,Fleming,9/25/21,16150209 1489,Kallo,Payroll
Emily,Chapman,1/13/21,16850608 5359,Dallas,Payroll
Xander,Camacho,5/22/21,16600208 0627,Castelluccio Inferiore,Quality Assurance
Sebastian,Murray,3/18/21,16240608 1105,Coleville Lake,Accounting
Marshall,Morales,1/13/20,16291217 4360,Aisemont,Public Relations
Ulla,Scott,01-05-2020,16511224 6714,Boninne,Finances
Aimee,Horton,9/30/20,16150120 5999,Abohar,Sales and Marketing
Gretchen,Cleveland,1/29/20,16480522 7669,Sint-Genesius-Rode,Finances
Xenos,Chambers,5/15/21,16570809 9972,Ramara,Customer Service
Zane,Cortez,12/30/19,16620529 9685,Tongue,Media Relations
Cullen,Dudley,2/14/21,16040326 0383,Huaral,Advertising
Tanek,Oneal,12/13/19,16990329 3919,Saint-Prime,Finances
Jade,Goodman,9/17/21,16560416 6735,Dehradun,Tech Support
Malik,Skinner,5/26/20,16350116 8318,Massenhoven,Research and Development
Mariam,Newton,3/30/20,16930710 8838,Nuneaton,Advertising
Felix,Guzman,3/27/20,16451221 3861,Besanon,Research and Development
Darius,Sandoval,6/23/20,16650922 7721,Ely,Research and Development
Caryn,Mercer,02-01-2021,16110727 5347,Hoyerswerda,Advertising
Garth,Nielsen,2/27/20,16320110 1114,Penticton,Customer Service
Brandon,Burke,5/27/21,16580421 5159,RÕo Hurtado,Finances
Christopher,Gregory,07-07-2021,16070302 8415,Shangla,Asset Management
Denton,Morton,10/17/20,16180630 1493,Scandriglia,Public Relations
Nyssa,King,12/19/19,16650309 5884,Staraya Kupavna,Research and Development
Calista,Clarke,08-05-2020,16011211 8567,Pescantina,Tech Support
Geraldine,Sanders,3/19/20,16341113 7957,Avelgem,Research and Development
Alea,Crane,04-12-2021,16400825 1532,Greifswald,Human Resources
Chester,Deleon,7/31/20,16310211 8282,Laino Castello,Quality Assurance
Savannah,Snyder,6/30/20,16360119 3844,Dublin,Customer Relations
Rina,Sanders,03-04-2020,16790929 1283,Bridge of Allan,Public Relations
Caryn,Bartlett,7/16/20,16210501 6154,Verkhny Ufaley,Payroll
Martina,Pacheco,4/20/20,16100730 2407,Hohen Neuendorf,Media Relations
Zia,Kelley,7/16/21,16721106 1184,Strasbourg,Accounting
Alfreda,Park,8/23/20,16381130 0338,Brisbane,Media Relations
Hayfa,Stone,6/17/20,16020203 3635,Les Bulles,Quality Assurance
Tucker,Wynn,11/25/20,16681130 6288,Carbonear,Tech Support
Jennifer,Price,2/19/20,16590114 8337,Lasbela,Finances
Kai,Cole,9/20/21,16000121 8189,Plainevaux,Media Relations
Dorian,Waller,09-07-2020,16160301 5056,Colwood,Media Relations
Fredericka,Hale,05-12-2020,16950910 4924,Saint-Pierre,Human Resources
Larissa,Forbes,6/19/20,16730716 7804,Okotoks,Tech Support
Tate,Boyle,12/17/19,16150219 4903,Nus,Asset Management
Amethyst,Oneil,05-03-2020,16740617 2259,Dokkum,Human Resources
Callum,Salazar,12/31/19,16670230 3352,Rionero in Vulture,Human Resources
Yolanda,Hurley,9/25/20,16340414 4168,Franeker,Sales and Marketing
Aquila,Horne,12/27/20,16710619 2052,Jedburgh,Sales and Marketing
Nell,Kramer,03-06-2020,16120502 8218,Reana del Rojale,Public Relations
Jason,Mayer,01-02-2021,16570603 7784,Weston-super-Mare,Media Relations
Ciara,Golden,09-06-2021,16381112 5560,Pica,Accounting
Shay,Singleton,4/19/21,16591113 4541,Tontelange,Asset Management
Aurora,Cooper,3/17/20,16760514 2905,Curaco de V_lez,Sales and Marketing
Flavia,Calderon,5/16/20,16111017 7589,Oderzo,Human Resources
Leonard,Sampson,07-07-2020,16291220 9646,Nicoya,Public Relations
Abigail,Pena,3/27/21,16370821 5599,Celle,Finances
Devin,Shaw,06-10-2020,16721206 5226,Oostkerke,Asset Management
Macey,Gallagher,3/30/21,16550717 7359,Helchteren,Asset Management
Hedwig,Thomas,9/19/21,16711123 7546,Thionville,Advertising
Bruno,Langley,08-05-2020,16670805 0700,Wellington,Sales and Marketing
Tara,Watson,1/21/21,16660427 1426,Howrah,Sales and Marketing
Hedley,Roth,6/15/20,16490415 8971,Leighton Buzzard,Tech Support
Alea,Lamb,3/27/21,16930421 2732,Paredones,Public Relations
Rajah,Rutledge,01-04-2021,16760602 0746,Dunedin,Customer Service
Aladdin,Meyer,05-03-2020,16680819 7807,Gijzelbrechtegem,Finances
Sasha,Rosario,2/23/20,16170910 9076,Mechelen-aan-de-Maas,Sales and Marketing
Illana,Cain,11/20/20,16300424 4483,Sint-Agatha-Berchem,Customer Service
Taylor,Stein,3/30/21,16280109 0891,West Ham,Sales and Marketing
Colin,Norton,09-06-2021,16180610 0762,Mathura,Customer Service
Odette,Sears,10-01-2021,16430328 4519,Barra do Corda,Accounting
Jamal,Combs,12/18/20,16391111 1783,Rebecq,Finances
Lucius,Calhoun,4/23/20,16270521 3870,Limelette,Customer Service
Ciaran,Preston,11-10-2020,16560430 6703,Saint-Marc,Finances
Sean,Kirby,12/19/20,16111205 4331,Maiolati Spontini,Quality Assurance
Montana,Stafford,10/14/21,16310903 2742,Paita,Customer Service
Carissa,Mcmillan,08-04-2021,16491210 9214,Bolton,Quality Assurance
Olga,Petty,4/25/21,16630822 8391,Collines-de-l'Outaouais,Payroll
Lara,Jones,9/24/20,16120215 3217,Solok,Customer Relations
Silas,Dale,1/30/21,16630909 4545,Bruck an der Mur,Advertising
Byron,Rowe,5/26/21,16450519 7865,Jhang,Payroll
Nicole,Golden,08-07-2021,16250207 4731,Heusden,Public Relations
Zenaida,Vega,11/30/20,16460724 1926,Kalininets,Tech Support
Calvin,Burton,08-02-2021,16161013 7497,Southwell,Accounting
Tanner,Kaufman,4/13/20,16021221 6006,Cassano Spinola,Legal Department
Prescott,Bowman,02-09-2021,16060114 2847,Le Mans,Customer Service
